event,InstrumentBypassHistory,1,InstrumentBypassHistoryId,int,4,0
event,InstrumentBypassHistory,2,InstrumentId,int,4,0
event,InstrumentBypassHistory,3,BypassStartDateTime,datetime2,6,0
event,InstrumentBypassHistory,4,BypassEndDateTime,datetime2,6,1
event,InstrumentBypassHistory,5,BypassReasonCode,varchar,50,1
event,InstrumentBypassHistory,6,AuthorizedByPersonnelId,int,4,1
event,InstrumentBypassHistory,7,WorkOrderNumber,varchar,100,1
event,InstrumentBypassHistory,8,Remarks,nvarchar,-1,1
event,InstrumentBypassHistory,9,CreatedDateTime,datetime2,6,0
event,InstrumentBypassHistory,10,CreatedBy,int,4,1
event,InstrumentLifecycle,1,InstrumentLifecycleId,int,4,0
event,InstrumentLifecycle,2,InstrumentId,int,4,0
event,InstrumentLifecycle,3,LifecycleStatusCode,varchar,30,0
event,InstrumentLifecycle,4,EffectiveFrom,datetime2,6,0
event,InstrumentLifecycle,5,EffectiveTo,datetime2,6,1
event,InstrumentLifecycle,6,ReasonCode,varchar,50,1
event,InstrumentLifecycle,7,WorkOrderNumber,varchar,100,1
event,InstrumentLifecycle,8,Remarks,nvarchar,-1,1
event,InstrumentLifecycle,9,CreatedDateTime,datetime2,6,0
event,InstrumentLifecycle,10,CreatedBy,int,4,1
event,InstrumentOperationalStatusHistory,1,InstrumentOperationalStatusHistoryId,int,4,0
event,InstrumentOperationalStatusHistory,2,InstrumentId,int,4,0
event,InstrumentOperationalStatusHistory,3,StatusCode,varchar,30,0
event,InstrumentOperationalStatusHistory,4,EffectiveFrom,datetime2,6,0
event,InstrumentOperationalStatusHistory,5,EffectiveTo,datetime2,6,1
event,InstrumentOperationalStatusHistory,6,ReasonCode,varchar,50,1
event,InstrumentOperationalStatusHistory,7,FailureId,int,4,1
event,InstrumentOperationalStatusHistory,8,MaintenanceId,int,4,1
event,InstrumentOperationalStatusHistory,9,Remarks,nvarchar,-1,1
event,InstrumentOperationalStatusHistory,10,CreatedDateTime,datetime2,6,0
event,InstrumentOperationalStatusHistory,11,CreatedBy,int,4,1
