dbo,Instruments,PK_Instruments,PRIMARY KEY,1,InstrumentId,ASC,PK_Instruments,CLUSTERED
dbo,Instruments,UQ_Instruments_TagNumber,UNIQUE,1,TagNumber,ASC,UQ_Instruments_TagNumber,NONCLUSTERED
dbo,InstrumentTypes,PK_InstrumentTypes,PRIMARY KEY,1,InstrumentTypeId,ASC,PK_InstrumentTypes,CLUSTERED
dbo,InstrumentTypes,UQ_InstrumentTypes_Code,UNIQUE,1,InstrumentTypeCode,ASC,UQ_InstrumentTypes_Code,NONCLUSTERED
dbo,InstrumentTypes,UQ_InstrumentTypes_Name,UNIQUE,1,InstrumentTypeName,ASC,UQ_InstrumentTypes_Name,NONCLUSTERED
dbo,Manufacturers,PK_Manufacturers,PRIMARY KEY,1,ManufacturerId,ASC,PK_Manufacturers,CLUSTERED
dbo,Manufacturers,UQ_Manufacturers_Code,UNIQUE,1,ManufacturerCode,ASC,UQ_Manufacturers_Code,NONCLUSTERED
dbo,Manufacturers,UQ_Manufacturers_Name,UNIQUE,1,ManufacturerName,ASC,UQ_Manufacturers_Name,NONCLUSTERED
dbo,Personnel,PK_Personnel,PRIMARY KEY,1,PersonnelId,ASC,PK_Personnel,CLUSTERED
dbo,Personnel,UQ_Personnel_PersonnelCode,UNIQUE,1,PersonnelCode,ASC,UQ_Personnel_PersonnelCode,NONCLUSTERED
dbo,ProcessUnits,PK_ProcessUnits,PRIMARY KEY,1,UnitId,ASC,PK_ProcessUnits,CLUSTERED
dbo,ProcessUnits,UQ_ProcessUnits_Site_UnitCode,UNIQUE,1,SiteId,ASC,UQ_ProcessUnits_Site_UnitCode,NONCLUSTERED
dbo,ProcessUnits,UQ_ProcessUnits_Site_UnitCode,UNIQUE,2,UnitCode,ASC,UQ_ProcessUnits_Site_UnitCode,NONCLUSTERED
dbo,SpareParts,PK_SpareParts,PRIMARY KEY,1,SparePartId,ASC,PK_SpareParts,CLUSTERED
dbo,SpareParts,UQ_SpareParts_PartNumber,UNIQUE,1,PartNumber,ASC,UQ_SpareParts_PartNumber,NONCLUSTERED
dbo,SubSystems,PK_SubSystems,PRIMARY KEY,1,SubSystemId,ASC,PK_SubSystems,CLUSTERED
dbo,SubSystems,UQ_SubSystems_SubSystemId_UnitId,UNIQUE,1,SubSystemId,ASC,UQ_SubSystems_SubSystemId_UnitId,NONCLUSTERED
dbo,SubSystems,UQ_SubSystems_SubSystemId_UnitId,UNIQUE,2,UnitId,ASC,UQ_SubSystems_SubSystemId_UnitId,NONCLUSTERED
dbo,SubSystems,UQ_SubSystems_Unit_Code,UNIQUE,1,UnitId,ASC,UQ_SubSystems_Unit_Code,NONCLUSTERED
dbo,SubSystems,UQ_SubSystems_Unit_Code,UNIQUE,2,SubSystemCode,ASC,UQ_SubSystems_Unit_Code,NONCLUSTERED
dbo,TripsInterlocks,PK_TripsInterlocks,PRIMARY KEY,1,TripId,ASC,PK_TripsInterlocks,CLUSTERED
dbo,TripsInterlocks,UQ_TripsInterlocks_TripCode,UNIQUE,1,TripCode,ASC,UQ_TripsInterlocks_TripCode,NONCLUSTERED
event,CalibrationRecords,PK_CalibrationRecords,PRIMARY KEY,1,CalibrationId,ASC,PK_CalibrationRecords,CLUSTERED
event,CalibrationTestPoints,PK_CalibrationTestPoints,PRIMARY KEY,1,CalibrationTestPointId,ASC,PK_CalibrationTestPoints,CLUSTERED
event,CalibrationTestPoints,UQ_CalibrationTestPoints_Sequence,UNIQUE,1,CalibrationId,ASC,UQ_CalibrationTestPoints_Sequence,NONCLUSTERED
event,CalibrationTestPoints,UQ_CalibrationTestPoints_Sequence,UNIQUE,2,TestSequence,ASC,UQ_CalibrationTestPoints_Sequence,NONCLUSTERED
event,FailureRecords,PK_FailureRecords,PRIMARY KEY,1,FailureId,ASC,PK_FailureRecords,CLUSTERED
event,FailureRecords,UQ_FailureRecords_FailureId_InstrumentId,UNIQUE,1,FailureId,ASC,UQ_FailureRecords_FailureId_InstrumentId,NONCLUSTERED
event,FailureRecords,UQ_FailureRecords_FailureId_InstrumentId,UNIQUE,2,InstrumentId,ASC,UQ_FailureRecords_FailureId_InstrumentId,NONCLUSTERED
event,InstrumentBypassHistory,PK_InstrumentBypassHistory,PRIMARY KEY,1,InstrumentBypassHistoryId,ASC,PK_InstrumentBypassHistory,CLUSTERED
event,InstrumentLifecycle,PK_InstrumentLifecycle,PRIMARY KEY,1,InstrumentLifecycleId,ASC,PK_InstrumentLifecycle,CLUSTERED
event,InstrumentOperationalStatusHistory,PK_InstrumentOperationalStatusHistory,PRIMARY KEY,1,InstrumentOperationalStatusHistoryId,ASC,PK_InstrumentOperationalStatusHistory,CLUSTERED
event,MaintenanceRecords,PK_MaintenanceRecords,PRIMARY KEY,1,MaintenanceId,ASC,PK_MaintenanceRecords,CLUSTERED
event,MaintenanceRecords,UQ_MaintenanceRecords_MaintenanceId_InstrumentId,UNIQUE,1,MaintenanceId,ASC,UQ_MaintenanceRecords_MaintenanceId_InstrumentId,NONCLUSTERED
event,MaintenanceRecords,UQ_MaintenanceRecords_MaintenanceId_InstrumentId,UNIQUE,2,InstrumentId,ASC,UQ_MaintenanceRecords_MaintenanceId_InstrumentId,NONCLUSTERED
event,SparePartUsage,PK_SparePartUsage,PRIMARY KEY,1,SparePartUsageId,ASC,PK_SparePartUsage,CLUSTERED
inv,InventoryTransactions,PK_InventoryTransactions,PRIMARY KEY,1,InventoryTransactionId,ASC,PK_InventoryTransactions,CLUSTERED
inv,InventoryTransactions,UQ_InventoryTransactions_Id_SparePart,UNIQUE,1,InventoryTransactionId,ASC,UQ_InventoryTransactions_Id_SparePart,NONCLUSTERED
inv,InventoryTransactions,UQ_InventoryTransactions_Id_SparePart,UNIQUE,2,SparePartId,ASC,UQ_InventoryTransactions_Id_SparePart,NONCLUSTERED
rel,InstrumentRedundancy,PK_InstrumentRedundancy,PRIMARY KEY,1,InstrumentId1,ASC,PK_InstrumentRedundancy,CLUSTERED
rel,InstrumentRedundancy,PK_InstrumentRedundancy,PRIMARY KEY,2,InstrumentId2,ASC,PK_InstrumentRedundancy,CLUSTERED
rel,SparePartInterchangeability,PK_SparePartInterchangeability,PRIMARY KEY,1,SparePartId1,ASC,PK_SparePartInterchangeability,CLUSTERED
rel,SparePartInterchangeability,PK_SparePartInterchangeability,PRIMARY KEY,2,SparePartId2,ASC,PK_SparePartInterchangeability,CLUSTERED
rel,TripInstruments,PK_TripInstruments,PRIMARY KEY,1,TripId,ASC,PK_TripInstruments,CLUSTERED
rel,TripInstruments,PK_TripInstruments,PRIMARY KEY,2,InstrumentId,ASC,PK_TripInstruments,CLUSTERED
rel,TripInstruments,PK_TripInstruments,PRIMARY KEY,3,TripRoleCode,ASC,PK_TripInstruments,CLUSTERED
