dbo,Instruments,PK_Instruments,1,PRIMARY KEY,CLUSTERED,1,1,0,0,0,1,InstrumentId,ASC,0,0,NULL,PRIMARY
dbo,Instruments,UQ_Instruments_TagNumber,2,UNIQUE CONSTRAINT,NONCLUSTERED,1,0,1,0,0,1,TagNumber,ASC,0,0,NULL,PRIMARY
dbo,InstrumentTypes,PK_InstrumentTypes,1,PRIMARY KEY,CLUSTERED,1,1,0,0,0,1,InstrumentTypeId,ASC,0,0,NULL,PRIMARY
dbo,InstrumentTypes,UQ_InstrumentTypes_Name,2,UNIQUE CONSTRAINT,NONCLUSTERED,1,0,1,0,0,1,InstrumentTypeName,ASC,0,0,NULL,PRIMARY
dbo,InstrumentTypes,UQ_InstrumentTypes_Code,3,UNIQUE CONSTRAINT,NONCLUSTERED,1,0,1,0,0,1,InstrumentTypeCode,ASC,0,0,NULL,PRIMARY
dbo,Manufacturers,PK_Manufacturers,1,PRIMARY KEY,CLUSTERED,1,1,0,0,0,1,ManufacturerId,ASC,0,0,NULL,PRIMARY
dbo,Manufacturers,UQ_Manufacturers_Name,2,UNIQUE CONSTRAINT,NONCLUSTERED,1,0,1,0,0,1,ManufacturerName,ASC,0,0,NULL,PRIMARY
dbo,Manufacturers,UQ_Manufacturers_Code,3,UNIQUE CONSTRAINT,NONCLUSTERED,1,0,1,0,0,1,ManufacturerCode,ASC,0,0,NULL,PRIMARY
dbo,Personnel,PK_Personnel,1,PRIMARY KEY,CLUSTERED,1,1,0,0,0,1,PersonnelId,ASC,0,0,NULL,PRIMARY
dbo,Personnel,UQ_Personnel_PersonnelCode,2,UNIQUE CONSTRAINT,NONCLUSTERED,1,0,1,0,0,1,PersonnelCode,ASC,0,0,NULL,PRIMARY
dbo,ProcessUnits,PK_ProcessUnits,1,PRIMARY KEY,CLUSTERED,1,1,0,0,0,1,UnitId,ASC,0,0,NULL,PRIMARY
dbo,ProcessUnits,UQ_ProcessUnits_Site_UnitCode,2,UNIQUE CONSTRAINT,NONCLUSTERED,1,0,1,0,0,1,SiteId,ASC,0,0,NULL,PRIMARY
dbo,ProcessUnits,UQ_ProcessUnits_Site_UnitCode,2,UNIQUE CONSTRAINT,NONCLUSTERED,1,0,1,0,0,2,UnitCode,ASC,0,0,NULL,PRIMARY
dbo,SpareParts,PK_SpareParts,1,PRIMARY KEY,CLUSTERED,1,1,0,0,0,1,SparePartId,ASC,0,0,NULL,PRIMARY
dbo,SpareParts,UQ_SpareParts_PartNumber,2,UNIQUE CONSTRAINT,NONCLUSTERED,1,0,1,0,0,1,PartNumber,ASC,0,0,NULL,PRIMARY
dbo,SubSystems,PK_SubSystems,1,PRIMARY KEY,CLUSTERED,1,1,0,0,0,1,SubSystemId,ASC,0,0,NULL,PRIMARY
dbo,SubSystems,UQ_SubSystems_Unit_Code,2,UNIQUE CONSTRAINT,NONCLUSTERED,1,0,1,0,0,1,UnitId,ASC,0,0,NULL,PRIMARY
dbo,SubSystems,UQ_SubSystems_Unit_Code,2,UNIQUE CONSTRAINT,NONCLUSTERED,1,0,1,0,0,2,SubSystemCode,ASC,0,0,NULL,PRIMARY
dbo,SubSystems,UQ_SubSystems_SubSystemId_UnitId,3,UNIQUE CONSTRAINT,NONCLUSTERED,1,0,1,0,0,1,SubSystemId,ASC,0,0,NULL,PRIMARY
dbo,SubSystems,UQ_SubSystems_SubSystemId_UnitId,3,UNIQUE CONSTRAINT,NONCLUSTERED,1,0,1,0,0,2,UnitId,ASC,0,0,NULL,PRIMARY
dbo,TripsInterlocks,PK_TripsInterlocks,1,PRIMARY KEY,CLUSTERED,1,1,0,0,0,1,TripId,ASC,0,0,NULL,PRIMARY
dbo,TripsInterlocks,UQ_TripsInterlocks_TripCode,2,UNIQUE CONSTRAINT,NONCLUSTERED,1,0,1,0,0,1,TripCode,ASC,0,0,NULL,PRIMARY
event,CalibrationRecords,PK_CalibrationRecords,1,PRIMARY KEY,CLUSTERED,1,1,0,0,0,1,CalibrationId,ASC,0,0,NULL,PRIMARY
event,CalibrationTestPoints,PK_CalibrationTestPoints,1,PRIMARY KEY,CLUSTERED,1,1,0,0,0,1,CalibrationTestPointId,ASC,0,0,NULL,PRIMARY
event,CalibrationTestPoints,UQ_CalibrationTestPoints_Sequence,2,UNIQUE CONSTRAINT,NONCLUSTERED,1,0,1,0,0,1,CalibrationId,ASC,0,0,NULL,PRIMARY
event,CalibrationTestPoints,UQ_CalibrationTestPoints_Sequence,2,UNIQUE CONSTRAINT,NONCLUSTERED,1,0,1,0,0,2,TestSequence,ASC,0,0,NULL,PRIMARY
event,FailureRecords,PK_FailureRecords,1,PRIMARY KEY,CLUSTERED,1,1,0,0,0,1,FailureId,ASC,0,0,NULL,PRIMARY
event,FailureRecords,UQ_FailureRecords_FailureId_InstrumentId,2,UNIQUE CONSTRAINT,NONCLUSTERED,1,0,1,0,0,1,FailureId,ASC,0,0,NULL,PRIMARY
event,FailureRecords,UQ_FailureRecords_FailureId_InstrumentId,2,UNIQUE CONSTRAINT,NONCLUSTERED,1,0,1,0,0,2,InstrumentId,ASC,0,0,NULL,PRIMARY
event,InstrumentBypassHistory,PK_InstrumentBypassHistory,1,PRIMARY KEY,CLUSTERED,1,1,0,0,0,1,InstrumentBypassHistoryId,ASC,0,0,NULL,PRIMARY
event,InstrumentLifecycle,PK_InstrumentLifecycle,1,PRIMARY KEY,CLUSTERED,1,1,0,0,0,1,InstrumentLifecycleId,ASC,0,0,NULL,PRIMARY
event,InstrumentOperationalStatusHistory,PK_InstrumentOperationalStatusHistory,1,PRIMARY KEY,CLUSTERED,1,1,0,0,0,1,InstrumentOperationalStatusHistoryId,ASC,0,0,NULL,PRIMARY
event,MaintenanceRecords,PK_MaintenanceRecords,1,PRIMARY KEY,CLUSTERED,1,1,0,0,0,1,MaintenanceId,ASC,0,0,NULL,PRIMARY
event,MaintenanceRecords,UQ_MaintenanceRecords_MaintenanceId_InstrumentId,2,UNIQUE CONSTRAINT,NONCLUSTERED,1,0,1,0,0,1,MaintenanceId,ASC,0,0,NULL,PRIMARY
event,MaintenanceRecords,UQ_MaintenanceRecords_MaintenanceId_InstrumentId,2,UNIQUE CONSTRAINT,NONCLUSTERED,1,0,1,0,0,2,InstrumentId,ASC,0,0,NULL,PRIMARY
event,SparePartUsage,PK_SparePartUsage,1,PRIMARY KEY,CLUSTERED,1,1,0,0,0,1,SparePartUsageId,ASC,0,0,NULL,PRIMARY
inv,InventoryTransactions,PK_InventoryTransactions,1,PRIMARY KEY,CLUSTERED,1,1,0,0,0,1,InventoryTransactionId,ASC,0,0,NULL,PRIMARY
inv,InventoryTransactions,UQ_InventoryTransactions_Id_SparePart,2,UNIQUE CONSTRAINT,NONCLUSTERED,1,0,1,0,0,1,InventoryTransactionId,ASC,0,0,NULL,PRIMARY
inv,InventoryTransactions,UQ_InventoryTransactions_Id_SparePart,2,UNIQUE CONSTRAINT,NONCLUSTERED,1,0,1,0,0,2,SparePartId,ASC,0,0,NULL,PRIMARY
rel,InstrumentRedundancy,PK_InstrumentRedundancy,1,PRIMARY KEY,CLUSTERED,1,1,0,0,0,1,InstrumentId1,ASC,0,0,NULL,PRIMARY
rel,InstrumentRedundancy,PK_InstrumentRedundancy,1,PRIMARY KEY,CLUSTERED,1,1,0,0,0,2,InstrumentId2,ASC,0,0,NULL,PRIMARY
rel,SparePartInterchangeability,PK_SparePartInterchangeability,1,PRIMARY KEY,CLUSTERED,1,1,0,0,0,1,SparePartId1,ASC,0,0,NULL,PRIMARY
rel,SparePartInterchangeability,PK_SparePartInterchangeability,1,PRIMARY KEY,CLUSTERED,1,1,0,0,0,2,SparePartId2,ASC,0,0,NULL,PRIMARY
rel,TripInstruments,PK_TripInstruments,1,PRIMARY KEY,CLUSTERED,1,1,0,0,0,1,TripId,ASC,0,0,NULL,PRIMARY
rel,TripInstruments,PK_TripInstruments,1,PRIMARY KEY,CLUSTERED,1,1,0,0,0,2,InstrumentId,ASC,0,0,NULL,PRIMARY
rel,TripInstruments,PK_TripInstruments,1,PRIMARY KEY,CLUSTERED,1,1,0,0,0,3,TripRoleCode,ASC,0,0,NULL,PRIMARY
