1,event,MaintenanceRecords,IX_MaintenanceRecords_InstrumentId_MaintenanceDate,InstrumentId,MaintenanceDate,FK_MaintenanceRecords_Currency,event,MaintenanceRecords,CurrencyId,NO_DIRECT_PREFIX
1,event,MaintenanceRecords,IX_MaintenanceRecords_InstrumentId_MaintenanceDate,InstrumentId,MaintenanceDate,FK_MaintenanceRecords_Instrument,event,MaintenanceRecords,InstrumentId,PROPOSED_INDEX_STARTS_WITH_FK_COLUMN
2,event,FailureRecords,IX_FailureRecords_InstrumentId_FailureDate,InstrumentId,FailureDate,FK_FailureRecords_Currency,event,FailureRecords,CurrencyId,NO_DIRECT_PREFIX
2,event,FailureRecords,IX_FailureRecords_InstrumentId_FailureDate,InstrumentId,FailureDate,FK_FailureRecords_Instrument,event,FailureRecords,InstrumentId,PROPOSED_INDEX_STARTS_WITH_FK_COLUMN
2,event,FailureRecords,IX_FailureRecords_InstrumentId_FailureDate,InstrumentId,FailureDate,FK_FailureRecords_PreviousFailure,event,FailureRecords,PreviousFailureId,NO_DIRECT_PREFIX
2,event,FailureRecords,IX_FailureRecords_InstrumentId_FailureDate,InstrumentId,FailureDate,FK_FailureRecords_PreviousFailure_Instrument,event,FailureRecords,PreviousFailureId,NO_DIRECT_PREFIX
2,event,FailureRecords,IX_FailureRecords_InstrumentId_FailureDate,InstrumentId,FailureDate,FK_FailureRecords_PreviousFailure_Instrument,event,FailureRecords,InstrumentId,PROPOSED_INDEX_STARTS_WITH_FK_COLUMN
3,event,CalibrationRecords,IX_CalibrationRecords_InstrumentId_CalibrationDate,InstrumentId,CalibrationDate,FK_CalibrationRecords_ApprovedBy,event,CalibrationRecords,ApprovedByPersonnelId,NO_DIRECT_PREFIX
3,event,CalibrationRecords,IX_CalibrationRecords_InstrumentId_CalibrationDate,InstrumentId,CalibrationDate,FK_CalibrationRecords_Instrument,event,CalibrationRecords,InstrumentId,PROPOSED_INDEX_STARTS_WITH_FK_COLUMN
3,event,CalibrationRecords,IX_CalibrationRecords_InstrumentId_CalibrationDate,InstrumentId,CalibrationDate,FK_CalibrationRecords_PerformedBy,event,CalibrationRecords,PerformedByPersonnelId,NO_DIRECT_PREFIX
3,event,CalibrationRecords,IX_CalibrationRecords_InstrumentId_CalibrationDate,InstrumentId,CalibrationDate,FK_CalibrationRecords_ReferenceEquipment,event,CalibrationRecords,ReferenceEquipmentId,NO_DIRECT_PREFIX
4,event,InstrumentLifecycle,IX_InstrumentLifecycle_InstrumentId_EffectiveFrom,InstrumentId,EffectiveFrom,FK_InstrumentLifecycle_CreatedBy,event,InstrumentLifecycle,CreatedBy,NO_DIRECT_PREFIX
4,event,InstrumentLifecycle,IX_InstrumentLifecycle_InstrumentId_EffectiveFrom,InstrumentId,EffectiveFrom,FK_InstrumentLifecycle_Instrument,event,InstrumentLifecycle,InstrumentId,PROPOSED_INDEX_STARTS_WITH_FK_COLUMN
4,event,InstrumentLifecycle,IX_InstrumentLifecycle_InstrumentId_EffectiveFrom,InstrumentId,EffectiveFrom,FK_InstrumentLifecycle_Status,event,InstrumentLifecycle,LifecycleStatusCode,NO_DIRECT_PREFIX
5,event,InstrumentOperationalStatusHistory,IX_InstrumentOperationalStatusHistory_InstrumentId_EffectiveFrom,InstrumentId,EffectiveFrom,FK_InstrumentOperationalStatusHistory_CreatedBy,event,InstrumentOperationalStatusHistory,CreatedBy,NO_DIRECT_PREFIX
5,event,InstrumentOperationalStatusHistory,IX_InstrumentOperationalStatusHistory_InstrumentId_EffectiveFrom,InstrumentId,EffectiveFrom,FK_InstrumentOperationalStatusHistory_Failure,event,InstrumentOperationalStatusHistory,FailureId,NO_DIRECT_PREFIX
5,event,InstrumentOperationalStatusHistory,IX_InstrumentOperationalStatusHistory_InstrumentId_EffectiveFrom,InstrumentId,EffectiveFrom,FK_InstrumentOperationalStatusHistory_Instrument,event,InstrumentOperationalStatusHistory,InstrumentId,PROPOSED_INDEX_STARTS_WITH_FK_COLUMN
5,event,InstrumentOperationalStatusHistory,IX_InstrumentOperationalStatusHistory_InstrumentId_EffectiveFrom,InstrumentId,EffectiveFrom,FK_InstrumentOperationalStatusHistory_Maintenance,event,InstrumentOperationalStatusHistory,MaintenanceId,NO_DIRECT_PREFIX
5,event,InstrumentOperationalStatusHistory,IX_InstrumentOperationalStatusHistory_InstrumentId_EffectiveFrom,InstrumentId,EffectiveFrom,FK_InstrumentOperationalStatusHistory_Status,event,InstrumentOperationalStatusHistory,StatusCode,NO_DIRECT_PREFIX
5,event,InstrumentOperationalStatusHistory,IX_InstrumentOperationalStatusHistory_InstrumentId_EffectiveFrom,InstrumentId,EffectiveFrom,FK_StatusHistory_Failure_Instrument,event,InstrumentOperationalStatusHistory,FailureId,NO_DIRECT_PREFIX
5,event,InstrumentOperationalStatusHistory,IX_InstrumentOperationalStatusHistory_InstrumentId_EffectiveFrom,InstrumentId,EffectiveFrom,FK_StatusHistory_Failure_Instrument,event,InstrumentOperationalStatusHistory,InstrumentId,PROPOSED_INDEX_STARTS_WITH_FK_COLUMN
5,event,InstrumentOperationalStatusHistory,IX_InstrumentOperationalStatusHistory_InstrumentId_EffectiveFrom,InstrumentId,EffectiveFrom,FK_StatusHistory_Maintenance_Instrument,event,InstrumentOperationalStatusHistory,MaintenanceId,NO_DIRECT_PREFIX
5,event,InstrumentOperationalStatusHistory,IX_InstrumentOperationalStatusHistory_InstrumentId_EffectiveFrom,InstrumentId,EffectiveFrom,FK_StatusHistory_Maintenance_Instrument,event,InstrumentOperationalStatusHistory,InstrumentId,PROPOSED_INDEX_STARTS_WITH_FK_COLUMN
6,event,InstrumentBypassHistory,IX_InstrumentBypassHistory_InstrumentId_BypassStartDateTime,InstrumentId,BypassStartDateTime,FK_InstrumentBypassHistory_AuthorizedBy,event,InstrumentBypassHistory,AuthorizedByPersonnelId,NO_DIRECT_PREFIX
6,event,InstrumentBypassHistory,IX_InstrumentBypassHistory_InstrumentId_BypassStartDateTime,InstrumentId,BypassStartDateTime,FK_InstrumentBypassHistory_CreatedBy,event,InstrumentBypassHistory,CreatedBy,NO_DIRECT_PREFIX
6,event,InstrumentBypassHistory,IX_InstrumentBypassHistory_InstrumentId_BypassStartDateTime,InstrumentId,BypassStartDateTime,FK_InstrumentBypassHistory_Instrument,event,InstrumentBypassHistory,InstrumentId,PROPOSED_INDEX_STARTS_WITH_FK_COLUMN
7,rel,SparePartInstruments,IX_SparePartInstruments_InstrumentId_SparePartId,InstrumentId,SparePartId,FK_SparePartInstruments_CreatedBy,rel,SparePartInstruments,CreatedBy,NO_DIRECT_PREFIX
7,rel,SparePartInstruments,IX_SparePartInstruments_InstrumentId_SparePartId,InstrumentId,SparePartId,FK_SparePartInstruments_Instrument,rel,SparePartInstruments,InstrumentId,PROPOSED_INDEX_STARTS_WITH_FK_COLUMN
7,rel,SparePartInstruments,IX_SparePartInstruments_InstrumentId_SparePartId,InstrumentId,SparePartId,FK_SparePartInstruments_SparePart,rel,SparePartInstruments,SparePartId,NO_DIRECT_PREFIX
8,rel,SparePartInstrumentTypes,IX_SparePartInstrumentTypes_InstrumentTypeId_SparePartId,InstrumentTypeId,SparePartId,FK_SparePartInstrumentTypes_CreatedBy,rel,SparePartInstrumentTypes,CreatedBy,NO_DIRECT_PREFIX
8,rel,SparePartInstrumentTypes,IX_SparePartInstrumentTypes_InstrumentTypeId_SparePartId,InstrumentTypeId,SparePartId,FK_SparePartInstrumentTypes_InstrumentType,rel,SparePartInstrumentTypes,InstrumentTypeId,PROPOSED_INDEX_STARTS_WITH_FK_COLUMN
8,rel,SparePartInstrumentTypes,IX_SparePartInstrumentTypes_InstrumentTypeId_SparePartId,InstrumentTypeId,SparePartId,FK_SparePartInstrumentTypes_SparePart,rel,SparePartInstrumentTypes,SparePartId,NO_DIRECT_PREFIX
