dbo,Contractors,1,PK_Contractors,CLUSTERED,1,1,0,0,1,ContractorId
dbo,Contractors,2,UQ_Contractors_Name,NONCLUSTERED,1,0,1,0,1,ContractorName
dbo,Contractors,3,UQ_Contractors_Code,NONCLUSTERED,1,0,1,0,1,ContractorCode
dbo,ControlSystems,1,PK_ControlSystems,CLUSTERED,1,1,0,0,1,ControlSystemId
dbo,ControlSystems,2,UQ_ControlSystems_Name,NONCLUSTERED,1,0,1,0,1,ControlSystemName
dbo,ControlSystems,3,UQ_ControlSystems_Code,NONCLUSTERED,1,0,1,0,1,ControlSystemCode
dbo,Instruments,1,PK_Instruments,CLUSTERED,1,1,0,0,1,InstrumentId
dbo,Instruments,2,UQ_Instruments_TagNumber,NONCLUSTERED,1,0,1,0,1,TagNumber
dbo,Instruments,3,IX_FK_Instruments_SubSystemId_UnitId,NONCLUSTERED,0,0,0,0,1,SubSystemId
dbo,Instruments,3,IX_FK_Instruments_SubSystemId_UnitId,NONCLUSTERED,0,0,0,0,2,UnitId
dbo,Instruments,4,IX_FK_Instruments_InstrumentTypeId,NONCLUSTERED,0,0,0,0,1,InstrumentTypeId
dbo,Instruments,5,IX_FK_Instruments_ManufacturerId,NONCLUSTERED,0,0,0,0,1,ManufacturerId
dbo,Instruments,6,IX_FK_Instruments_MeasurementUnitId,NONCLUSTERED,0,0,0,0,1,MeasurementUnitId
dbo,Instruments,7,IX_FK_Instruments_OutputUnitId,NONCLUSTERED,0,0,0,0,1,OutputUnitId
dbo,Instruments,8,IX_FK_Instruments_UnitId,NONCLUSTERED,0,0,0,0,1,UnitId
dbo,InstrumentTypes,1,PK_InstrumentTypes,CLUSTERED,1,1,0,0,1,InstrumentTypeId
dbo,InstrumentTypes,2,UQ_InstrumentTypes_Name,NONCLUSTERED,1,0,1,0,1,InstrumentTypeName
dbo,InstrumentTypes,3,UQ_InstrumentTypes_Code,NONCLUSTERED,1,0,1,0,1,InstrumentTypeCode
dbo,Manufacturers,1,PK_Manufacturers,CLUSTERED,1,1,0,0,1,ManufacturerId
dbo,Manufacturers,2,UQ_Manufacturers_Name,NONCLUSTERED,1,0,1,0,1,ManufacturerName
dbo,Manufacturers,3,UQ_Manufacturers_Code,NONCLUSTERED,1,0,1,0,1,ManufacturerCode
dbo,Personnel,1,PK_Personnel,CLUSTERED,1,1,0,0,1,PersonnelId
dbo,Personnel,2,UQ_Personnel_PersonnelCode,NONCLUSTERED,1,0,1,0,1,PersonnelCode
dbo,ProcessUnits,1,PK_ProcessUnits,CLUSTERED,1,1,0,0,1,UnitId
dbo,ProcessUnits,2,UQ_ProcessUnits_Site_UnitCode,NONCLUSTERED,1,0,1,0,1,SiteId
dbo,ProcessUnits,2,UQ_ProcessUnits_Site_UnitCode,NONCLUSTERED,1,0,1,0,2,UnitCode
dbo,ReferenceEquipment,1,PK_ReferenceEquipment,CLUSTERED,1,1,0,0,1,ReferenceEquipmentId
dbo,ReferenceEquipment,2,UQ_ReferenceEquipment_Code,NONCLUSTERED,1,0,1,0,1,EquipmentCode
dbo,Sites,1,PK_Sites,CLUSTERED,1,1,0,0,1,SiteId
dbo,Sites,2,UQ_Sites_SiteName,NONCLUSTERED,1,0,1,0,1,SiteName
dbo,Sites,3,UQ_Sites_SiteCode,NONCLUSTERED,1,0,1,0,1,SiteCode
dbo,SpareParts,1,PK_SpareParts,CLUSTERED,1,1,0,0,1,SparePartId
dbo,SpareParts,2,UQ_SpareParts_PartNumber,NONCLUSTERED,1,0,1,0,1,PartNumber
dbo,SpareParts,3,IX_FK_SpareParts_ManufacturerId,NONCLUSTERED,0,0,0,0,1,ManufacturerId
dbo,SpareParts,4,IX_FK_SpareParts_StockUnitOfMeasureId,NONCLUSTERED,0,0,0,0,1,StockUnitOfMeasureId
dbo,SubSystems,1,PK_SubSystems,CLUSTERED,1,1,0,0,1,SubSystemId
dbo,SubSystems,2,UQ_SubSystems_Unit_Code,NONCLUSTERED,1,0,1,0,1,UnitId
dbo,SubSystems,2,UQ_SubSystems_Unit_Code,NONCLUSTERED,1,0,1,0,2,SubSystemCode
dbo,SubSystems,3,UQ_SubSystems_SubSystemId_UnitId,NONCLUSTERED,1,0,1,0,1,SubSystemId
dbo,SubSystems,3,UQ_SubSystems_SubSystemId_UnitId,NONCLUSTERED,1,0,1,0,2,UnitId
dbo,Suppliers,1,PK_Suppliers,CLUSTERED,1,1,0,0,1,SupplierId
dbo,Suppliers,2,UQ_Suppliers_Code,NONCLUSTERED,1,0,1,0,1,SupplierCode
dbo,TripsInterlocks,1,PK_TripsInterlocks,CLUSTERED,1,1,0,0,1,TripId
dbo,TripsInterlocks,2,UQ_TripsInterlocks_TripCode,NONCLUSTERED,1,0,1,0,1,TripCode
dbo,TripsInterlocks,3,IX_FK_TripsInterlocks_ProcessUnitId,NONCLUSTERED,0,0,0,0,1,ProcessUnitId
doc,CalibrationDocuments,1,PK_CalibrationDocuments,CLUSTERED,1,1,0,0,1,CalibrationDocumentId
doc,CalibrationDocuments,2,UQ_CalibrationDocuments_Calibration_Document,NONCLUSTERED,1,0,1,0,1,CalibrationId
doc,CalibrationDocuments,2,UQ_CalibrationDocuments_Calibration_Document,NONCLUSTERED,1,0,1,0,2,DocumentId
doc,DocumentFiles,1,PK_DocumentFiles,CLUSTERED,1,1,0,0,1,DocumentFileId
doc,Documents,1,PK_Documents,CLUSTERED,1,1,0,0,1,DocumentId
doc,Documents,2,UQ_Documents_DocumentNumber,NONCLUSTERED,1,0,1,0,1,DocumentNumber
doc,FailureDocuments,1,PK_FailureDocuments,CLUSTERED,1,1,0,0,1,FailureDocumentId
doc,FailureDocuments,2,UQ_FailureDocuments_Failure_Document,NONCLUSTERED,1,0,1,0,1,FailureId
doc,FailureDocuments,2,UQ_FailureDocuments_Failure_Document,NONCLUSTERED,1,0,1,0,2,DocumentId
doc,InstrumentDocuments,1,PK_InstrumentDocuments,CLUSTERED,1,1,0,0,1,InstrumentDocumentId
doc,InstrumentDocuments,2,UQ_InstrumentDocuments_Instrument_Document,NONCLUSTERED,1,0,1,0,1,InstrumentId
doc,InstrumentDocuments,2,UQ_InstrumentDocuments_Instrument_Document,NONCLUSTERED,1,0,1,0,2,DocumentId
doc,MaintenanceDocuments,1,PK_MaintenanceDocuments,CLUSTERED,1,1,0,0,1,MaintenanceDocumentId
doc,MaintenanceDocuments,2,UQ_MaintenanceDocuments_Maintenance_Document,NONCLUSTERED,1,0,1,0,1,MaintenanceId
doc,MaintenanceDocuments,2,UQ_MaintenanceDocuments_Maintenance_Document,NONCLUSTERED,1,0,1,0,2,DocumentId
doc,SparePartDocuments,1,PK_SparePartDocuments,CLUSTERED,1,1,0,0,1,SparePartDocumentId
doc,SparePartDocuments,2,UQ_SparePartDocuments_SparePart_Document,NONCLUSTERED,1,0,1,0,1,SparePartId
doc,SparePartDocuments,2,UQ_SparePartDocuments_SparePart_Document,NONCLUSTERED,1,0,1,0,2,DocumentId
event,CalibrationRecords,1,PK_CalibrationRecords,CLUSTERED,1,1,0,0,1,CalibrationId
event,CalibrationRecords,2,IX_FK_CalibrationRecords_ApprovedByPersonnelId,NONCLUSTERED,0,0,0,0,1,ApprovedByPersonnelId
event,CalibrationRecords,3,IX_FK_CalibrationRecords_InstrumentId,NONCLUSTERED,0,0,0,0,1,InstrumentId
event,CalibrationRecords,4,IX_FK_CalibrationRecords_PerformedByPersonnelId,NONCLUSTERED,0,0,0,0,1,PerformedByPersonnelId
event,CalibrationRecords,5,IX_FK_CalibrationRecords_ReferenceEquipmentId,NONCLUSTERED,0,0,0,0,1,ReferenceEquipmentId
event,CalibrationTestPoints,1,PK_CalibrationTestPoints,CLUSTERED,1,1,0,0,1,CalibrationTestPointId
event,CalibrationTestPoints,2,UQ_CalibrationTestPoints_Sequence,NONCLUSTERED,1,0,1,0,1,CalibrationId
event,CalibrationTestPoints,2,UQ_CalibrationTestPoints_Sequence,NONCLUSTERED,1,0,1,0,2,TestSequence
event,CalibrationTestPoints,3,IX_FK_CalibrationTestPoints_AcceptanceUnitOfMeasureId,NONCLUSTERED,0,0,0,0,1,AcceptanceUnitOfMeasureId
event,CalibrationTestPoints,4,IX_FK_CalibrationTestPoints_AppliedUnitOfMeasureId,NONCLUSTERED,0,0,0,0,1,AppliedUnitOfMeasureId
event,CalibrationTestPoints,5,IX_FK_CalibrationTestPoints_AsFoundUnitOfMeasureId,NONCLUSTERED,0,0,0,0,1,AsFoundUnitOfMeasureId
event,CalibrationTestPoints,6,IX_FK_CalibrationTestPoints_AsLeftUnitOfMeasureId,NONCLUSTERED,0,0,0,0,1,AsLeftUnitOfMeasureId
event,FailureRecords,1,PK_FailureRecords,CLUSTERED,1,1,0,0,1,FailureId
event,FailureRecords,2,UQ_FailureRecords_FailureId_InstrumentId,NONCLUSTERED,1,0,1,0,1,FailureId
event,FailureRecords,2,UQ_FailureRecords_FailureId_InstrumentId,NONCLUSTERED,1,0,1,0,2,InstrumentId
event,FailureRecords,3,IX_FK_FailureRecords_CurrencyId,NONCLUSTERED,0,0,0,0,1,CurrencyId
event,FailureRecords,4,IX_FK_FailureRecords_InstrumentId,NONCLUSTERED,0,0,0,0,1,InstrumentId
event,FailureRecords,5,IX_FK_FailureRecords_PreviousFailureId_InstrumentId,NONCLUSTERED,0,0,0,0,1,PreviousFailureId
event,FailureRecords,5,IX_FK_FailureRecords_PreviousFailureId_InstrumentId,NONCLUSTERED,0,0,0,0,2,InstrumentId
event,InstrumentBypassHistory,1,PK_InstrumentBypassHistory,CLUSTERED,1,1,0,0,1,InstrumentBypassHistoryId
event,InstrumentBypassHistory,2,IX_FK_InstrumentBypassHistory_AuthorizedByPersonnelId,NONCLUSTERED,0,0,0,0,1,AuthorizedByPersonnelId
event,InstrumentBypassHistory,3,IX_FK_InstrumentBypassHistory_CreatedBy,NONCLUSTERED,0,0,0,0,1,CreatedBy
event,InstrumentBypassHistory,4,IX_FK_InstrumentBypassHistory_InstrumentId,NONCLUSTERED,0,0,0,0,1,InstrumentId
event,InstrumentBypassHistory,5,UX_InstrumentBypassHistory_OpenRecord,NONCLUSTERED,1,0,0,0,1,InstrumentId
event,InstrumentLifecycle,1,PK_InstrumentLifecycle,CLUSTERED,1,1,0,0,1,InstrumentLifecycleId
event,InstrumentLifecycle,2,IX_FK_InstrumentLifecycle_CreatedBy,NONCLUSTERED,0,0,0,0,1,CreatedBy
event,InstrumentLifecycle,3,IX_FK_InstrumentLifecycle_InstrumentId,NONCLUSTERED,0,0,0,0,1,InstrumentId
event,InstrumentLifecycle,4,IX_FK_InstrumentLifecycle_LifecycleStatusCode,NONCLUSTERED,0,0,0,0,1,LifecycleStatusCode
event,InstrumentLifecycle,5,UX_InstrumentLifecycle_OpenRecord,NONCLUSTERED,1,0,0,0,1,InstrumentId
event,InstrumentOperationalStatusHistory,1,PK_InstrumentOperationalStatusHistory,CLUSTERED,1,1,0,0,1,InstrumentOperationalStatusHistoryId
event,InstrumentOperationalStatusHistory,2,IX_FK_InstrumentOperationalStatusHistory_FailureId_InstrumentId,NONCLUSTERED,0,0,0,0,1,FailureId
event,InstrumentOperationalStatusHistory,2,IX_FK_InstrumentOperationalStatusHistory_FailureId_InstrumentId,NONCLUSTERED,0,0,0,0,2,InstrumentId
event,InstrumentOperationalStatusHistory,3,IX_FK_InstrumentOperationalStatusHistory_MaintenanceId_InstrumentId,NONCLUSTERED,0,0,0,0,1,MaintenanceId
event,InstrumentOperationalStatusHistory,3,IX_FK_InstrumentOperationalStatusHistory_MaintenanceId_InstrumentId,NONCLUSTERED,0,0,0,0,2,InstrumentId
event,InstrumentOperationalStatusHistory,4,IX_FK_InstrumentOperationalStatusHistory_CreatedBy,NONCLUSTERED,0,0,0,0,1,CreatedBy
event,InstrumentOperationalStatusHistory,5,IX_FK_InstrumentOperationalStatusHistory_InstrumentId,NONCLUSTERED,0,0,0,0,1,InstrumentId
event,InstrumentOperationalStatusHistory,6,IX_FK_InstrumentOperationalStatusHistory_StatusCode,NONCLUSTERED,0,0,0,0,1,StatusCode
event,InstrumentOperationalStatusHistory,7,UX_InstrumentOperationalStatusHistory_OpenRecord,NONCLUSTERED,1,0,0,0,1,InstrumentId
event,MaintenanceLabor,1,PK_MaintenanceLabor,CLUSTERED,1,1,0,0,1,MaintenanceLaborId
event,MaintenanceRecords,1,PK_MaintenanceRecords,CLUSTERED,1,1,0,0,1,MaintenanceId
event,MaintenanceRecords,2,UQ_MaintenanceRecords_MaintenanceId_InstrumentId,NONCLUSTERED,1,0,1,0,1,MaintenanceId
event,MaintenanceRecords,2,UQ_MaintenanceRecords_MaintenanceId_InstrumentId,NONCLUSTERED,1,0,1,0,2,InstrumentId
event,MaintenanceRecords,3,IX_FK_MaintenanceRecords_CurrencyId,NONCLUSTERED,0,0,0,0,1,CurrencyId
event,MaintenanceRecords,4,IX_FK_MaintenanceRecords_InstrumentId,NONCLUSTERED,0,0,0,0,1,InstrumentId
event,SparePartUsage,1,PK_SparePartUsage,CLUSTERED,1,1,0,0,1,SparePartUsageId
event,SparePartUsage,2,IX_FK_SparePartUsage_FailureId_InstrumentId,NONCLUSTERED,0,0,0,0,1,FailureId
event,SparePartUsage,2,IX_FK_SparePartUsage_FailureId_InstrumentId,NONCLUSTERED,0,0,0,0,2,InstrumentId
event,SparePartUsage,3,IX_FK_SparePartUsage_InventoryTransactionId_SparePartId,NONCLUSTERED,0,0,0,0,1,InventoryTransactionId
event,SparePartUsage,3,IX_FK_SparePartUsage_InventoryTransactionId_SparePartId,NONCLUSTERED,0,0,0,0,2,SparePartId
event,SparePartUsage,4,IX_FK_SparePartUsage_MaintenanceId_InstrumentId,NONCLUSTERED,0,0,0,0,1,MaintenanceId
event,SparePartUsage,4,IX_FK_SparePartUsage_MaintenanceId_InstrumentId,NONCLUSTERED,0,0,0,0,2,InstrumentId
event,SparePartUsage,5,IX_FK_SparePartUsage_CreatedBy,NONCLUSTERED,0,0,0,0,1,CreatedBy
event,SparePartUsage,6,IX_FK_SparePartUsage_CurrencyId,NONCLUSTERED,0,0,0,0,1,CurrencyId
event,SparePartUsage,7,IX_FK_SparePartUsage_InstrumentId,NONCLUSTERED,0,0,0,0,1,InstrumentId
event,SparePartUsage,8,IX_FK_SparePartUsage_PersonnelId,NONCLUSTERED,0,0,0,0,1,PersonnelId
event,SparePartUsage,9,IX_FK_SparePartUsage_SparePartId,NONCLUSTERED,0,0,0,0,1,SparePartId
event,SparePartUsage,10,IX_FK_SparePartUsage_UnitOfMeasureId,NONCLUSTERED,0,0,0,0,1,UnitOfMeasureId
inv,InventoryLocations,1,PK_InventoryLocations,CLUSTERED,1,1,0,0,1,InventoryLocationId
inv,InventoryLocations,2,UQ_InventoryLocations_Code,NONCLUSTERED,1,0,1,0,1,LocationCode
inv,InventoryTransactions,1,PK_InventoryTransactions,CLUSTERED,1,1,0,0,1,InventoryTransactionId
inv,InventoryTransactions,2,UQ_InventoryTransactions_Id_SparePart,NONCLUSTERED,1,0,1,0,1,InventoryTransactionId
inv,InventoryTransactions,2,UQ_InventoryTransactions_Id_SparePart,NONCLUSTERED,1,0,1,0,2,SparePartId
inv,InventoryTransactions,3,IX_FK_InventoryTransactions_CreatedBy,NONCLUSTERED,0,0,0,0,1,CreatedBy
inv,InventoryTransactions,4,IX_FK_InventoryTransactions_CurrencyId,NONCLUSTERED,0,0,0,0,1,CurrencyId
inv,InventoryTransactions,5,IX_FK_InventoryTransactions_FailureId,NONCLUSTERED,0,0,0,0,1,FailureId
inv,InventoryTransactions,6,IX_FK_InventoryTransactions_InventoryLocationId,NONCLUSTERED,0,0,0,0,1,InventoryLocationId
inv,InventoryTransactions,7,IX_FK_InventoryTransactions_MaintenanceId,NONCLUSTERED,0,0,0,0,1,MaintenanceId
inv,InventoryTransactions,8,IX_FK_InventoryTransactions_PersonnelId,NONCLUSTERED,0,0,0,0,1,PersonnelId
inv,InventoryTransactions,9,IX_FK_InventoryTransactions_SparePartId,NONCLUSTERED,0,0,0,0,1,SparePartId
inv,InventoryTransactions,10,IX_FK_InventoryTransactions_SupplierId,NONCLUSTERED,0,0,0,0,1,SupplierId
inv,InventoryTransactions,11,IX_FK_InventoryTransactions_UnitOfMeasureId,NONCLUSTERED,0,0,0,0,1,UnitOfMeasureId
inv,SparePartInventoryPolicy,1,PK_SparePartInventoryPolicy,CLUSTERED,1,1,0,0,1,SparePartInventoryPolicyId
inv,SparePartInventoryPolicy,2,UQ_SparePartInventoryPolicy_SparePart_Location,NONCLUSTERED,1,0,1,0,1,SparePartId
inv,SparePartInventoryPolicy,2,UQ_SparePartInventoryPolicy_SparePart_Location,NONCLUSTERED,1,0,1,0,2,InventoryLocationId
inv,SparePartSuppliers,1,PK_SparePartSuppliers,CLUSTERED,1,1,0,0,1,SparePartSupplierId
inv,SparePartSuppliers,2,UQ_SparePartSuppliers,NONCLUSTERED,1,0,1,0,1,SparePartId
inv,SparePartSuppliers,2,UQ_SparePartSuppliers,NONCLUSTERED,1,0,1,0,2,SupplierId
ref,Currency,1,PK_Currency,CLUSTERED,1,1,0,0,1,CurrencyId
ref,Currency,2,UQ_Currency_CurrencyCode,NONCLUSTERED,1,0,1,0,1,CurrencyCode
ref,InstrumentStatus,1,PK_InstrumentStatus,CLUSTERED,1,1,0,0,1,StatusCode
ref,InstrumentStatus,2,UQ_InstrumentStatus_Name,NONCLUSTERED,1,0,1,0,1,StatusName
ref,LifecycleStatus,1,PK_LifecycleStatus,CLUSTERED,1,1,0,0,1,LifecycleStatusCode
ref,LifecycleStatus,2,UQ_LifecycleStatus_Name,NONCLUSTERED,1,0,1,0,1,LifecycleStatusName
ref,UnitOfMeasure,1,PK_UnitOfMeasure,CLUSTERED,1,1,0,0,1,UnitOfMeasureId
ref,UnitOfMeasure,2,UQ_UnitOfMeasure_UomCode,NONCLUSTERED,1,0,1,0,1,UomCode
rel,InstrumentControlSystems,1,PK_InstrumentControlSystems,CLUSTERED,1,1,0,0,1,InstrumentId
rel,InstrumentControlSystems,1,PK_InstrumentControlSystems,CLUSTERED,1,1,0,0,2,ControlSystemId
rel,InstrumentRedundancy,1,PK_InstrumentRedundancy,CLUSTERED,1,1,0,0,1,InstrumentId1
rel,InstrumentRedundancy,1,PK_InstrumentRedundancy,CLUSTERED,1,1,0,0,2,InstrumentId2
rel,InstrumentRedundancy,2,IX_FK_InstrumentRedundancy_CreatedBy,NONCLUSTERED,0,0,0,0,1,CreatedBy
rel,InstrumentRedundancy,3,IX_FK_InstrumentRedundancy_InstrumentId2,NONCLUSTERED,0,0,0,0,1,InstrumentId2
rel,ProcessUnitControlSystems,1,PK_ProcessUnitControlSystems,CLUSTERED,1,1,0,0,1,ProcessUnitId
rel,ProcessUnitControlSystems,1,PK_ProcessUnitControlSystems,CLUSTERED,1,1,0,0,2,ControlSystemId
rel,SparePartInstruments,1,PK_SparePartInstruments,CLUSTERED,1,1,0,0,1,SparePartId
rel,SparePartInstruments,1,PK_SparePartInstruments,CLUSTERED,1,1,0,0,2,InstrumentId
rel,SparePartInstrumentTypes,1,PK_SparePartInstrumentTypes,CLUSTERED,1,1,0,0,1,SparePartId
rel,SparePartInstrumentTypes,1,PK_SparePartInstrumentTypes,CLUSTERED,1,1,0,0,2,InstrumentTypeId
rel,SparePartInterchangeability,1,PK_SparePartInterchangeability,CLUSTERED,1,1,0,0,1,SparePartId1
rel,SparePartInterchangeability,1,PK_SparePartInterchangeability,CLUSTERED,1,1,0,0,2,SparePartId2
rel,SparePartInterchangeability,2,IX_FK_SparePartInterchangeability_CreatedBy,NONCLUSTERED,0,0,0,0,1,CreatedBy
rel,SparePartInterchangeability,3,IX_FK_SparePartInterchangeability_SparePartId2,NONCLUSTERED,0,0,0,0,1,SparePartId2
rel,TripInstruments,1,PK_TripInstruments,CLUSTERED,1,1,0,0,1,TripId
rel,TripInstruments,1,PK_TripInstruments,CLUSTERED,1,1,0,0,2,InstrumentId
rel,TripInstruments,1,PK_TripInstruments,CLUSTERED,1,1,0,0,3,TripRoleCode
rel,TripInstruments,2,IX_FK_TripInstruments_CreatedBy,NONCLUSTERED,0,0,0,0,1,CreatedBy
rel,TripInstruments,3,IX_FK_TripInstruments_InstrumentId,NONCLUSTERED,0,0,0,0,1,InstrumentId
