1,4,IX_FK_MaintenanceRecords_InstrumentId,2,1,1,PARTIAL_PREFIX
1,1,PK_MaintenanceRecords,2,1,0,NO_PREFIX
1,2,UQ_MaintenanceRecords_MaintenanceId_InstrumentId,2,2,0,NO_PREFIX
1,3,IX_FK_MaintenanceRecords_CurrencyId,2,1,0,NO_PREFIX
2,4,IX_FK_FailureRecords_InstrumentId,2,1,1,PARTIAL_PREFIX
2,1,PK_FailureRecords,2,1,0,NO_PREFIX
2,2,UQ_FailureRecords_FailureId_InstrumentId,2,2,0,NO_PREFIX
2,3,IX_FK_FailureRecords_CurrencyId,2,1,0,NO_PREFIX
2,5,IX_FK_FailureRecords_PreviousFailureId_InstrumentId,2,2,0,NO_PREFIX
3,3,IX_FK_CalibrationRecords_InstrumentId,2,1,1,PARTIAL_PREFIX
3,1,PK_CalibrationRecords,2,1,0,NO_PREFIX
3,2,IX_FK_CalibrationRecords_ApprovedByPersonnelId,2,1,0,NO_PREFIX
3,4,IX_FK_CalibrationRecords_PerformedByPersonnelId,2,1,0,NO_PREFIX
3,5,IX_FK_CalibrationRecords_ReferenceEquipmentId,2,1,0,NO_PREFIX
4,3,IX_FK_InstrumentLifecycle_InstrumentId,2,1,1,PARTIAL_PREFIX
4,5,UX_InstrumentLifecycle_OpenRecord,2,1,1,PARTIAL_PREFIX
4,1,PK_InstrumentLifecycle,2,1,0,NO_PREFIX
4,2,IX_FK_InstrumentLifecycle_CreatedBy,2,1,0,NO_PREFIX
4,4,IX_FK_InstrumentLifecycle_LifecycleStatusCode,2,1,0,NO_PREFIX
5,5,IX_FK_InstrumentOperationalStatusHistory_InstrumentId,2,1,1,PARTIAL_PREFIX
5,7,UX_InstrumentOperationalStatusHistory_OpenRecord,2,1,1,PARTIAL_PREFIX
5,1,PK_InstrumentOperationalStatusHistory,2,1,0,NO_PREFIX
5,2,IX_FK_InstrumentOperationalStatusHistory_FailureId_InstrumentId,2,2,0,NO_PREFIX
5,3,IX_FK_InstrumentOperationalStatusHistory_MaintenanceId_InstrumentId,2,2,0,NO_PREFIX
5,4,IX_FK_InstrumentOperationalStatusHistory_CreatedBy,2,1,0,NO_PREFIX
5,6,IX_FK_InstrumentOperationalStatusHistory_StatusCode,2,1,0,NO_PREFIX
6,4,IX_FK_InstrumentBypassHistory_InstrumentId,2,1,1,PARTIAL_PREFIX
6,5,UX_InstrumentBypassHistory_OpenRecord,2,1,1,PARTIAL_PREFIX
6,1,PK_InstrumentBypassHistory,2,1,0,NO_PREFIX
6,2,IX_FK_InstrumentBypassHistory_AuthorizedByPersonnelId,2,1,0,NO_PREFIX
6,3,IX_FK_InstrumentBypassHistory_CreatedBy,2,1,0,NO_PREFIX
7,7,IX_FK_SparePartUsage_InstrumentId,2,1,1,PARTIAL_PREFIX
7,1,PK_SparePartUsage,2,1,0,NO_PREFIX
7,2,IX_FK_SparePartUsage_FailureId_InstrumentId,2,2,0,NO_PREFIX
7,3,IX_FK_SparePartUsage_InventoryTransactionId_SparePartId,2,2,0,NO_PREFIX
7,4,IX_FK_SparePartUsage_MaintenanceId_InstrumentId,2,2,0,NO_PREFIX
7,5,IX_FK_SparePartUsage_CreatedBy,2,1,0,NO_PREFIX
7,6,IX_FK_SparePartUsage_CurrencyId,2,1,0,NO_PREFIX
7,8,IX_FK_SparePartUsage_PersonnelId,2,1,0,NO_PREFIX
7,9,IX_FK_SparePartUsage_SparePartId,2,1,0,NO_PREFIX
7,10,IX_FK_SparePartUsage_UnitOfMeasureId,2,1,0,NO_PREFIX
8,9,IX_FK_SparePartUsage_SparePartId,2,1,1,PARTIAL_PREFIX
8,1,PK_SparePartUsage,2,1,0,NO_PREFIX
8,2,IX_FK_SparePartUsage_FailureId_InstrumentId,2,2,0,NO_PREFIX
8,3,IX_FK_SparePartUsage_InventoryTransactionId_SparePartId,2,2,0,NO_PREFIX
8,4,IX_FK_SparePartUsage_MaintenanceId_InstrumentId,2,2,0,NO_PREFIX
8,5,IX_FK_SparePartUsage_CreatedBy,2,1,0,NO_PREFIX
8,6,IX_FK_SparePartUsage_CurrencyId,2,1,0,NO_PREFIX
8,7,IX_FK_SparePartUsage_InstrumentId,2,1,0,NO_PREFIX
8,8,IX_FK_SparePartUsage_PersonnelId,2,1,0,NO_PREFIX
8,10,IX_FK_SparePartUsage_UnitOfMeasureId,2,1,0,NO_PREFIX
9,9,IX_FK_InventoryTransactions_SparePartId,2,1,1,PARTIAL_PREFIX
9,1,PK_InventoryTransactions,2,1,0,NO_PREFIX
9,2,UQ_InventoryTransactions_Id_SparePart,2,2,0,NO_PREFIX
9,3,IX_FK_InventoryTransactions_CreatedBy,2,1,0,NO_PREFIX
9,4,IX_FK_InventoryTransactions_CurrencyId,2,1,0,NO_PREFIX
9,5,IX_FK_InventoryTransactions_FailureId,2,1,0,NO_PREFIX
9,6,IX_FK_InventoryTransactions_InventoryLocationId,2,1,0,NO_PREFIX
9,7,IX_FK_InventoryTransactions_MaintenanceId,2,1,0,NO_PREFIX
9,8,IX_FK_InventoryTransactions_PersonnelId,2,1,0,NO_PREFIX
9,10,IX_FK_InventoryTransactions_SupplierId,2,1,0,NO_PREFIX
9,11,IX_FK_InventoryTransactions_UnitOfMeasureId,2,1,0,NO_PREFIX
10,6,IX_FK_InventoryTransactions_InventoryLocationId,2,1,1,PARTIAL_PREFIX
10,1,PK_InventoryTransactions,2,1,0,NO_PREFIX
10,2,UQ_InventoryTransactions_Id_SparePart,2,2,0,NO_PREFIX
10,3,IX_FK_InventoryTransactions_CreatedBy,2,1,0,NO_PREFIX
10,4,IX_FK_InventoryTransactions_CurrencyId,2,1,0,NO_PREFIX
10,5,IX_FK_InventoryTransactions_FailureId,2,1,0,NO_PREFIX
10,7,IX_FK_InventoryTransactions_MaintenanceId,2,1,0,NO_PREFIX
10,8,IX_FK_InventoryTransactions_PersonnelId,2,1,0,NO_PREFIX
10,9,IX_FK_InventoryTransactions_SparePartId,2,1,0,NO_PREFIX
10,10,IX_FK_InventoryTransactions_SupplierId,2,1,0,NO_PREFIX
10,11,IX_FK_InventoryTransactions_UnitOfMeasureId,2,1,0,NO_PREFIX
11,3,IX_FK_TripInstruments_InstrumentId,2,1,1,PARTIAL_PREFIX
11,1,PK_TripInstruments,2,3,0,NO_PREFIX
11,2,IX_FK_TripInstruments_CreatedBy,2,1,0,NO_PREFIX
12,1,PK_SparePartInstruments,2,2,0,NO_PREFIX
13,1,PK_SparePartInstrumentTypes,2,2,0,NO_PREFIX
